<?xml version="1.0" encoding="UTF-8"?>
<!--UGC_VERSION = 1024-->
<XML_DOCUMENT xmlns:SOAP-ENC="http://schemas.xmlsoap.org/soap/encoding/">
    <PTC_HEADER>
        <VENDOR>Parametric Technology Corporation</VENDOR>
        <PRODUCT>Creo Parametric 3702019224</PRODUCT>
        <XML_VERSION>1.0</XML_VERSION>
        <HOST_NAME>DESKTOP-C8RS3TM</HOST_NAME>
        <USER>Jason</USER>
        <MACHINE_TYPE> Intel64 Family 6 Model 141 Stepping 1  GenuineIntel  2496 MHz</MACHINE_TYPE>
    </PTC_HEADER>
    <zip_manifest_info pointer="TRUE" proe_version="1934" top_model_wname="BIFOLD-JZ.ASM"/>
</XML_DOCUMENT>
